master_cusip,dateann,master_deal_no,tmanames,amanames,afinancial,albofirm,alp,dateannorig,form,status,anation,apublic,deal_value
749121,2010-04-22,2154221020,Qwest Commun Intl Inc,CenturyLink Inc,No,No,No,2010-02-07,Merger,Completed,United States,Public,22276.241
549271,2011-03-14,2289520020,Lubrizol Corp,Berkshire Hathaway Inc,No,No,No,2011-03-14,Merger,Completed,United States,Public,9493.282
382388,2011-09-21,2345907020,Goodrich Corp,United Technologies Corp,No,No,No,2011-09-19,Merger,Completed,United States,Public,18082.723
629491,2012-12-20,2479748020,NYSE Euronext,IntercontinentalExchange Inc,No,No,No,2012-12-20,Merger,Completed,United States,Public,8052.28
345838,2014-02-18,2610322020,Forest Laboratories Inc,Actavis PLC,No,No,No,2014-02-18,Merger,Completed,United States,Public,25439.73
0A6710,2014-02-19,2611055020,WhatsApp Inc,Facebook Inc,No,No,No,2014-02-19,Merger,Completed,United States,Public,19467.709
073302,2016-10-23,2634022020,B/E Aerospace Inc,Rockwell Collins Inc,No,No,No,2014-05-04,Merger,Completed,United States,Public,8200.755
G2554F,2014-06-15,2646102040,Covidien PLC,Medtronic Inc,No,No,No,2014-06-15,Merger,Completed,United States,Public,42729.867
87311L,2014-06-16,2646335020,tw telecom inc,Level 3 Commun Inc,No,No,No,2014-06-13,Merger,Completed,United States,Public,7262.092
594901,2014-06-23,2646955020,MICROS Systems Inc,Oracle Corp,No,No,No,2014-06-17,Merger,Completed,United States,Public,5327.7
05874B,2014-08-01,2660504020,Bally Technologies Inc,Scientific Games Corp,No,No,No,2014-08-01,Merger,Completed,United States,Public,5134.437
14170T,2014-10-05,2682158020,CareFusion Corp,Becton Dickinson & Co,No,No,No,2014-10-05,Merger,Completed,United States,Public,12000.105
G3727Q,2015-03-02,2724775020,Freescale Semiconductor Ltd,NXP Semiconductors NV,No,No,No,2015-02-13,Merger,Completed,United States,Public,11224.286
6C6215,2015-07-09,2735179020,Procter & Gamble Co-Beauty,Coty Inc,No,No,No,2015-03-18,Merger,Completed,United States,Public,14917.76
867363,2015-08-12,2744421020,SunGard Data Systems Inc,Fidelity Natl Info Svcs Inc,No,No,No,2015-04-18,Merger,Completed,United States,Public,9100
111320,2015-05-28,2756356020,Broadcom Corp,Avago Technologies Ltd,No,No,No,2015-05-27,Merger,Completed,United States,Public,37849.312
729251,2015-11-08,2818341020,Plum Creek Timber Co Inc,Weyerhaeuser Co,No,No,No,2015-11-08,Merger,Completed,United States,Public,8462.398
887317,2016-10-22,3021003020,Time Warner Inc,AT&T Inc,No,No,No,2016-10-21,Merger,Completed,United States,Public,79406.46
966837,2017-06-16,3097373020,Whole Foods Market Inc,Amazon.com Inc,No,No,No,2017-04-10,Merger,Completed,United States,Public,13561.398
5F5286,2017-06-01,3109800040,WIRTGEN GROUP Holding GmbH,Deere & Co,No,No,No,2017-06-01,Merger,Completed,United States,Public,5173.772
811065,2017-07-31,3129247020,Scripps Networks Interactive,Discovery Communications Inc,No,No,No,2017-07-18,Merger,Completed,United States,Public,11783.012
49803L,2017-08-28,3142801020,Kite Pharma Inc,Gilead Sciences Inc,No,No,No,2017-08-28,Merger,Completed,United States,Public,11855.537
867914,2019-02-07,3343793020,SunTrust Banks Inc,BB&T Corp,No,No,No,2019-02-07,Merger,Completed,United States,Public,28281.594
94946T,2019-03-27,3371414020,WellCare Health Plans Inc,Centene Corp,No,No,No,2019-03-26,Merger,Completed,United States,Public,15568.278
3J0992,2019-04-30,3387351020,Ingersoll-Rand US Holdco Inc,Gardner Denver Holdings Inc,No,No,No,2019-04-30,Merger,Completed,United States,Public,8735.5
3J1250,2019-05-02,3387638020,Acelity Inc,3M Co,No,No,No,2019-05-02,Merger,Completed,United States,Public,6725
5J7303,2019-12-15,3438808020,Dupont-Nutrition & Biosciences,International Flavors & Fragra,No,No,No,2019-08-07,Merger,Completed,United States,Public,33500
87236Y,2019-11-25,3479721020,TD Ameritrade Holding Corp,Charles Schwab Corp,No,No,No,2019-11-21,Merger,Completed,United States,Public,28304.747
655044,2020-07-20,3610019020,Noble Energy Inc,Chevron Corp,No,No,No,2020-07-20,Merger,Completed,United States,Public,5035.99
5K9878,2020-09-23,3638966020,United Wholesale Mortgage LLC,Gores Holdings IV Inc,No,No,No,2020-09-22,Merger,Completed,United States,Public,16237.431
83088V,2020-12-01,3664650020,Slack Technologies Inc,Salesforce.com Inc,No,No,No,2020-11-25,Merger,Completed,United States,Public,28418.792
55303C,2021-05-26,3676729020,MGM Holdings Inc,Amazon.com Inc,No,No,No,2020-12-21,Merger,Completed,United States,Public,8450
7H0147,2021-02-22,3685402020,Lucid Motors USA Inc,Churchill Capital Corp IV,No,No,No,2021-01-11,Merger,Completed,United States,Public,11750
712704,2021-02-22,3700450020,People's United Financial Inc,M&T Bank Corp,No,No,No,2021-02-22,Merger,Completed,United States,Public,7530.285
69355F,2021-04-15,3728332020,PPD Inc,Thermo Fisher Scientific Inc,No,No,No,2021-04-14,Merger,Completed,United States,Public,17307.148
171798,2021-05-24,3744148020,Cimarex Energy Co,Cabot Oil & Gas Corp,No,No,No,2021-05-24,Merger,Completed,United States,Public,7540.926
6L7178,2021-07-12,3769908020,MSP Recovery LLC,Lionheart Acquisition Corp II,No,No,No,2021-07-12,Merger,Completed,United States,Public,32500
045327,2021-10-11,3812049020,Aspen Technology Inc,Emerson Electric Co,No,No,No,2021-10-06,Merger,Completed,United States,Public,10864.939
904214,2021-10-12,3812869020,Umpqua Holdings Corp,Columbia Banking System Inc,No,No,No,2021-10-12,Merger,Completed,United States,Public,5147.06
2L6347,2021-12-15,3846599020,CMC Materials Inc,Entegris Inc,No,No,No,2021-12-15,Merger,Completed,United States,Public,5729.282
156782,2021-12-20,3847595020,Cerner Corp,Oracle Corp,No,No,No,2021-12-16,Merger,Completed,United States,Public,28171.86
928542,2022-12-06,4009317020,Vivint Smart Home Inc,NRG Energy Inc,No,No,No,2022-12-06,Merger,Completed,United States,Public,5189.872
0P3309,2023-06-12,4091996020,Adenza Holdings Inc,Nasdaq Inc,No,No,No,2023-06-12,Merger,Completed,United States,Public,10700.735
45253H,2023-11-30,4163608020,ImmunoGen Inc,AbbVie Inc,No,No,No,2023-11-30,Merger,Completed,United States,Public,10219.621
254709,2024-02-19,4196458020,Discover Financial Services,Capital One Financial Corp,No,No,No,2024-02-19,Merger,Completed,United States,Public,35302.476
017361,2010-02-11,2155247020,Allegheny Energy Inc,FirstEnergy Corp,No,No,No,2010-02-11,Merger,Completed,United States,Public,8503.235
576206,2011-01-29,2230996020,Massey Energy Co,Alpha Natural Resources Inc,No,No,No,2010-10-18,Merger,Completed,United States,Public,7165.243
743263,2011-01-10,2268963020,Progress Energy Inc,Duke Energy Corp,No,No,No,2011-01-08,Merger,Completed,United States,Public,25818.327
28336L,2011-10-16,2353699020,El Paso Corp,Kinder Morgan Inc,No,No,No,2011-10-16,Merger,Completed,United States,Public,34061.09
01845R,2012-06-19,2426049040,Alliance Boots GmbH,Walgreen Co,No,No,No,2012-06-19,Merger,Completed,United States,Public,15292.484
53217V,2013-04-15,2488420020,Life Technologies Corp,Thermo Fisher Scientific Inc,No,No,No,2013-01-17,Merger,Completed,United States,Public,15501.388
36430M,2013-05-10,2522980020,Warner Chilcott PLC,Actavis Inc,No,No,No,2013-05-10,Merger,Completed,United States,Public,5096.078
283702,2014-08-10,2663270020,El Paso Pipeline Partners LP,Kinder Morgan Inc,No,No,No,2014-08-10,Merger,Completed,United States,Public,5288.503
716933,2015-03-04,2727596020,Pharmacyclics Inc,AbbVie Inc,No,No,No,2015-02-25,Merger,Completed,United States,Public,20773.968
6C8806,2015-03-27,2737861020,The Dow Chem Co- Chlor-Alkali,Olin Corp,No,No,No,2015-03-27,Merger,Completed,United States,Public,5000
021441,2015-06-01,2738084020,Altera Corp,Intel Corp,No,No,No,2015-03-27,Merger,Completed,United States,Public,16299.31
148887,2015-03-30,2738592020,Catamaran Corp,UnitedHealth Group Inc,No,No,No,2015-03-30,Merger,Completed,United States,Public,12827.924
42222G,2015-07-02,2771383020,Health Net Inc,Centene Corp,No,No,No,2015-07-02,Merger,Completed,United States,Public,6149.622
001204,2015-08-24,2793763020,AGL Resources Inc,Southern Co,No,No,No,2015-08-24,Merger,Completed,United States,Public,7944.362
13342B,2015-08-26,2794567020,Cameron International Corp,Schlumberger Ltd,No,No,No,2015-08-26,Merger,Completed,United States,Public,12766.346
87611X,2015-11-03,2816892020,Targa Resources Partners LP,Targa Resources Corp,No,No,No,2015-11-03,Merger,Completed,United States,Public,6082.227
60056Z,2015-11-11,2816904020,MillerCoors LLC,Molson Coors Brewing Co,No,No,No,2015-11-03,Merger,Completed,United States,Public,12000
471109,2015-12-14,2835557020,Jarden Corp,Newell Rubbermaid Inc,No,No,No,2015-12-07,Merger,Completed,United States,Public,15435.135
263534,2015-12-11,2837782020,DuPont,The Dow Chemical Co,No,No,No,2015-12-09,Merger,Completed,United States,Public,62141.056
920355,2016-03-20,2936217020,Valspar Corp,Sherwin-Williams Co,No,No,No,2016-03-20,Merger,Completed,United States,Public,9308.673
0C4170,2016-03-21,2936492040,Markit Ltd,IHS Inc,No,No,No,2016-03-21,Merger,Completed,United States,Public,5492.355
6E0074,2016-05-24,2962597020,Hewlett Packard Entrp-business,Computer Sciences Corp,No,No,No,2016-05-24,Merger,Completed,United States,Public,8500
68557N,2017-09-18,3151271020,Orbital ATK Inc,Northrop Grumman Corp,No,No,No,2017-09-17,Merger,Completed,United States,Public,9170.755
12650T,2018-02-09,3212274020,CSRA Inc,General Dynamics Corp,No,No,No,2018-02-09,Merger,Completed,United States,Public,9590.864
35950L,2018-05-07,3234097040,Frutarom Industries Ltd,International Flavors & Fragra,No,No,No,2018-04-11,Merger,Completed,United States,Public,6354.719
22021L,2018-06-18,3256618020,Corporate Ppty Assoc 17-Global,WP Carey Inc,No,No,No,2018-06-18,Merger,Completed,United States,Public,5749.651
12673P,2018-07-11,3266289020,Ca Inc,Broadcom Inc,No,No,No,2018-06-11,Merger,Completed,United States,Public,18828.209
756577,2018-10-28,3303665020,Red Hat Inc,IBM,No,No,No,2018-10-28,Merger,Completed,United States,Public,33555.37
G0551A,2018-11-08,3304081020,Arris International Plc,Commscope Holding Co Inc,No,No,No,2018-10-24,Merger,Completed,United States,Public,7876.972
32008D,2019-01-16,3334705020,First Data Corp,Fiserv Inc,No,No,No,2019-01-16,Merger,Completed,United States,Public,21656.463
891906,2019-05-28,3397174020,Total System Services Inc,Global Payments Inc,No,No,No,2019-05-24,Merger,Completed,United States,Public,21997.327
00401C,2019-07-09,3426694020,Acacia Communications Inc,Cisco Systems Inc,No,No,No,2019-07-09,Merger,Completed,United States,Public,5032.108
531172,2019-10-27,3470248020,Liberty Property Trust,Prologis Inc,No,No,No,2019-10-27,Merger,Completed,United States,Public,12600
N47279,2019-10-29,3471031040,Interxion Holding NV,Digital Realty Trust Inc,No,No,No,2019-10-29,Merger,Completed,United States,Public,7161.567
539183,2020-08-05,3617548020,Livongo Health Inc,Teladoc Health Inc,No,No,No,2020-08-05,Merger,Completed,United States,Public,17539.058
3F3172,2020-09-21,3635479020,GRAIL Inc,Illumina Inc,No,No,No,2020-09-16,Merger,Completed,United States,Public,6395.9
20605P,2020-10-19,3647487020,Concho Resources Inc,ConocoPhillips,No,No,No,2020-10-13,Merger,Completed,United States,Public,9678.672
7K2403,2020-11-18,3661525040,Arrival SARL,CIIG Merger Corp,No,No,No,2020-11-18,Merger,Completed,United States,Public,5338.35
15912K,2021-01-06,3683511020,Change Healthcare Inc,UnitedHealth Group Inc,No,No,No,2021-01-06,Merger,Completed,United States,Public,8712.514
84327P,2021-01-07,3684178020,Social Finance Inc,Social Capital Hedosophia V,No,No,No,2021-01-07,Merger,Completed,United States,Public,6569.84
6F3800,2021-03-03,3705005020,Auth0 Inc,Okta Inc,No,No,No,2021-03-03,Merger,Completed,United States,Public,6252.724
8K5610,2021-03-04,3705367020,Hippo Enterprises Inc,Reinvent Technology Partners Z,No,No,No,2021-03-04,Merger,Completed,United States,Public,5522
3C5350,2021-03-26,3718132020,WeWork Cos Inc,BowX Acquisition Corp,No,No,No,2021-01-29,Merger,Completed,United States,Public,6379.346
92339V,2021-04-29,3734977020,VEREIT Inc,Realty Income Corp,No,No,No,2021-04-29,Merger,Completed,United States,Public,11105.378
4H8966,2021-04-27,3733874020,Kindred at Home Inc,Humana Inc,No,No,No,2021-04-27,Merger,Completed,United States,Public,5700
98986T,2022-01-10,3859429020,Zynga Inc,Take-Two Interactive Software,No,No,No,2022-01-10,Merger,Completed,United States,Public,12382.165
848637,2023-09-21,3873738020,Splunk Inc,Cisco Systems Inc,No,No,No,2022-02-11,Merger,Completed,United States,Public,28133.135
017175,2022-03-21,3890852020,Alleghany Corp,Berkshire Hathaway Inc,No,No,No,2022-03-21,Merger,Completed,United States,Public,11569.194
30057T,2023-01-23,4030038020,Evoqua Water Technologies Corp,Xylem Inc,No,No,No,2023-01-23,Merger,Completed,United States,Public,6622.011
53223X,2023-04-03,4056750020,Life Storage Inc,Extra Space Storage Inc,No,No,No,2023-02-05,Merger,Completed,United States,Public,12456.062
8L8276,2023-06-13,4084522040,Viterra Ltd,Bunge Global SA,No,No,No,2023-05-25,Merger,Completed,United States,Public,17952.624
75615P,2023-07-28,4112995020,Reata Pharmaceuticals Inc,Biogen Inc,No,No,No,2023-07-28,Merger,Completed,United States,Public,7533.082
60468T,2023-10-08,4142036020,Mirati Therapeutics Inc,Bristol-Myers Squibb Co,No,No,No,2023-10-08,Merger,Completed,United States,Public,5115.447
210371,2011-04-28,2229022020,Constellation Energy Group Inc,Exelon Corp,No,No,No,2010-10-12,Merger,Completed,United States,Public,7840.105
743410,2011-01-26,2274917020,ProLogis,Amb Property Corp,No,No,No,2011-01-26,Merger,Completed,United States,Public,8364.708
87702K,2011-04-18,2301120020,Synthes Inc,Johnson & Johnson,No,No,No,2011-04-15,Merger,Completed,United States,Public,20097.788
683399,2013-06-30,2366130020,Onyx Pharmaceuticals Inc,Amgen Inc,No,No,No,2011-11-28,Merger,Completed,United States,Public,9692.505
19329V,2013-10-23,2577956020,Cole Real Estate Investments,American Rlty Capital Ppty Inc,No,No,No,2013-10-23,Merger,Completed,United States,Public,6952.602
018490,2014-11-17,2677195020,Allergan Inc,Actavis PLC,No,No,No,2014-04-21,Merger,Completed,United States,Public,68445.401
87159A,2015-05-06,2749602020,Synageva BioPharma Corp,Alexion Pharmaceuticals Inc,No,No,No,2015-05-06,Merger,Completed,United States,Public,8394.258
696429,2015-05-13,2751561020,Pall Corp,Danaher Corp,No,No,No,2015-05-12,Merger,Completed,United States,Public,13700.064
740189,2015-08-10,2789583020,Precision Castparts Corp,Berkshire Hathaway Inc,No,No,No,2015-08-08,Merger,Completed,United States,Public,31594.556
58390T,2016-02-10,2919826040,Meda AB,Mylan NV,No,No,No,2016-02-10,Merger,Completed,United States,Public,7170.223
5E3582,2016-04-28,2952395020,Stemcentrx Inc,AbbVie Inc,No,No,No,2016-04-28,Merger,Completed,United States,Public,9793.75
44970B,2016-05-03,2953743020,IMS Health Holdings Inc,Quintiles Transnatl Hldg Inc,No,No,No,2016-05-03,Merger,Completed,United States,Public,8858.479
58501N,2016-08-22,2953946020,Medivation Inc,Pfizer Inc,No,No,No,2016-03-23,Merger,Completed,United States,Public,14118.272
762760,2017-06-19,3116235020,Rice Energy,EQT Corp,No,No,No,2017-06-19,Merger,Completed,United States,Public,6576.386
90130A,2017-12-14,3173017020,21st Century Fox Inc,Walt Disney Co,No,No,No,2017-11-06,Merger,Completed,United States,Public,84197.032
48205A,2018-01-22,3203182020,Juno Therapeutics Inc,Celgene Corp,No,No,No,2018-01-16,Merger,Completed,United States,Public,9615.929
74978Q,2018-03-28,3229223020,RSP Permian Inc,Concho Resources Inc,No,No,No,2018-03-28,Merger,Completed,United States,Public,9510.338
896047,2018-12-03,3309230020,Tribune Media Co,Nexstar Media Group Inc,No,No,No,2018-09-06,Merger,Completed,United States,Public,6400
380956,2019-01-14,3333510040,Goldcorp Inc,Newmont Mining Corp,No,No,No,2019-01-14,Merger,Completed,United States,Public,9965.711
62563H,2020-07-12,3600945020,MultiPlan Inc,Churchill Capital Corp III,No,No,No,2020-07-12,Merger,Completed,United States,Public,5678
57772K,2020-07-13,3600947020,Maxim Integrated Products Inc,Analog Devices Inc,No,No,No,2020-07-12,Merger,Completed,United States,Public,21290.859
12487Q,2021-02-03,3693945020,CCC Information Services Inc,Dragoneer Growth Opportunities,No,No,No,2021-02-03,Merger,Completed,United States,Public,6542
36197T,2021-02-03,3693951040,GW Pharmaceuticals PLC,Jazz Pharmaceuticals PLC,No,No,No,2021-02-03,Merger,Completed,United States,Public,6826.66
3K7508,2021-03-29,3719004040,Cazoo Ltd,AJAX I Acquisition Corp,No,No,No,2021-03-29,Merger,Completed,United States,Public,6380
4L5724,2021-09-15,3737334040,Pagaya Technologies Ltd,Ejf Acquisition Corp,No,No,No,2021-04-22,Merger,Completed,United States,Public,7973
0J5752,2021-07-15,3750329020,Aurora Innovation Inc,Reinvent Technology Partners Y,No,No,No,2021-06-04,Merger,Completed,United States,Public,11000
3J2756,2021-09-13,3783818020,The Rocket Science Group LLC,Intuit Inc,No,No,No,2021-08-12,Merger,Completed,United States,Public,12000
9C1695,2021-09-27,3805707040,Polestar Performance AB,Gores Guggenheim Inc,No,No,No,2021-09-27,Merger,Completed,United States,Public,20003
00507V,2022-01-18,3863269020,Activision Blizzard Inc,Microsoft Corp,No,No,No,2022-01-18,Merger,Completed,United States,Public,75621.309
003654,2022-11-01,3995248020,ABIOMED Inc,Johnson & Johnson,No,No,No,2022-11-01,Merger,Completed,United States,Public,19182.376
0N0980,2023-03-06,4048059020,Energy Harbor Corp,Vistra Corp,No,No,No,2023-03-06,Merger,Completed,United States,Public,6763
559080,2023-05-14,4078512020,Magellan Midstream Partners LP,ONEOK Inc,No,No,No,2023-05-14,Merger,Completed,United States,Public,18641.704
G0060R,2023-08-28,4124119040,Abcam PLC,Danaher Corp,No,No,No,2023-08-25,Merger,Completed,United States,Public,5503.303
48203R,2024-01-09,4180895020,Juniper Networks Inc,Hewlett Packard Enterprise Co,No,No,No,2024-01-08,Merger,Completed,United States,Public,13576.994
075811,2011-02-07,2248553020,Beckman Coulter Inc,Danaher Corp,No,No,No,2010-12-09,Merger,Completed,United States,Public,5782.221
G24140,2012-05-21,2417111040,Cooper Industries PLC,Eaton Corp,No,No,No,2012-05-21,Merger,Completed,United States,Public,11460.741
726505,2012-12-05,2474162020,Plains Expl & Prodn Co,Freeport-McMoRan Copper & Gold,No,No,No,2012-12-05,Merger,Completed,United States,Public,6450.389
284131,2013-07-29,2550299040,Elan Corp PLC,Perrigo Co,No,No,No,2013-06-14,Merger,Completed,United States,Public,8537.994
421933,2013-07-30,2550721020,Health Management Assoc Inc,Community Health Systems Inc,No,No,No,2013-06-12,Merger,Completed,United States,Public,7547.683
090613,2014-04-24,2631368020,Biomet Inc,Zimmer Holdings Inc,No,No,No,2014-04-24,Merger,Completed,United States,Public,13350
432589,2014-05-29,2641303020,Hillshire Brands Co,Tyson Foods Inc,No,No,No,2014-05-27,Merger,Completed,United States,Public,7726.846
441060,2015-02-05,2722118020,Hospira Inc,Pfizer Inc,No,No,No,2015-02-05,Merger,Completed,United States,Public,15820.238
82966C,2015-09-15,2801043020,Sirona Dental Systems Inc,DENTSPLY International Inc,No,No,No,2015-09-15,Merger,Completed,United States,Public,5484.098
720186,2015-10-26,2814297020,Piedmont Natural Gas Co Inc,Duke Energy Corp,No,No,No,2015-10-26,Merger,Completed,United States,Public,6594.905
F90676,2016-05-19,2855213040,Technip SA,FMC Technologies Inc,No,No,No,2015-12-09,Merger,Completed,United States,Public,6773.251
53578A,2016-06-13,2955022020,LinkedIn Corp,Microsoft Corp,No,No,No,2016-04-21,Merger,Completed,United States,Public,26638.847
29413U,2016-06-15,2970487020,Envision Healthcare Hldg Inc,AmSurg Corp,No,No,No,2016-06-08,Merger,Completed,United States,Public,5109.655
52729N,2016-10-31,3026387020,Level 3 Commun Inc,CenturyLink Inc,No,No,No,2016-10-27,Merger,Completed,United States,Public,25136.253
26613Q,2017-06-09,3112909020,DuPont Fabros Tech Inc,Digital Realty Trust Inc,No,No,No,2017-06-09,Merger,Completed,United States,Public,5731.873
00817Y,2017-12-03,3168570020,Aetna Inc,CVS Health Corp,No,No,No,2017-10-26,Merger,Completed,United States,Public,67822.818
09531U,2018-02-23,3216076020,Blue Buffalo Pet Products Inc,General Mills Inc,No,No,No,2018-02-23,Merger,Completed,United States,Public,7926.884
595137,2018-03-01,3216919020,Microsemi Corp,Microchip Technology Inc,No,No,No,2018-02-27,Merger,Completed,United States,Public,8107.33
83084V,2018-02-27,3216950040,Sky PLC,Comcast Corp,No,No,No,2016-01-29,Merger,Completed,United States,Public,39913.424
625207,2018-03-20,3226117020,MuleSoft Inc,Salesforce.com Inc,No,No,No,2018-03-20,Merger,Completed,United States,Public,6744.086
3H8059,2018-05-21,3237450020,Gen Elec Co-Transp Bus,Westinghouse Air Brake Tech Co,No,No,No,2018-02-21,Merger,Completed,United States,Public,9629.953
92240G,2018-04-23,3237507020,Vectren Corp,CenterPoint Energy Inc,No,No,No,2018-04-23,Merger,Completed,United States,Public,5981.81
6H5109,2018-08-31,3238580040,Costa Ltd,Coca-Cola Co,No,No,No,2018-01-03,Merger,Completed,United States,Public,5073.12
29265N,2018-08-14,3277022020,Energen Corp,Diamondback Energy Inc,No,No,No,2018-08-14,Merger,Completed,United States,Public,9137.639
G0177J,2019-06-25,3420434020,Allergan PLC,AbbVie Inc,No,No,No,2019-06-25,Merger,Completed,United States,Public,62117.141
5J5156,2019-07-29,3434950020,Upjohn Inc,Mylan NV,No,No,No,2019-07-27,Merger,Completed,United States,Public,24623.46
9C7087,2019-10-04,3462384020,Hess Infrastructure Partners,Hess Midstream Partners LP,No,No,No,2019-10-04,Merger,Completed,United States,Public,6194.2
269246,2020-02-20,3516586020,E*TRADE Financial Corp,Morgan Stanley,No,No,No,2017-06-30,Merger,Completed,United States,Public,13136.801
2E7371,2020-02-24,3517450020,Credit Karma Inc,Intuit Inc,No,No,No,2020-02-22,Merger,Completed,United States,Public,7100
13158Q,2020-07-29,3614604040,CPA Global Ltd,Clarivate PLC,No,No,No,2020-07-29,Merger,Completed,United States,Public,7069.501
G47567,2020-11-30,3665937040,IHS Markit Ltd,S&P Global Inc,No,No,No,2020-11-29,Merger,Completed,United States,Public,43478.099
26681M,2020-12-02,3667547020,Dyal Capital Partners LP,Altimar Acquisition Corp,No,No,No,2020-12-02,Merger,Completed,United States,Public,6682.5
9K6616,2020-12-02,3677779020,Owl Rock Capital Grp,Altimar Acquisition Corp,No,No,No,2020-12-02,Merger,Completed,United States,Public,5467.5
2H1652,2021-02-24,3689557020,Joby Aero Inc,Reinvent Technology Partners,No,No,No,2021-01-21,Merger,Completed,United States,Public,5000
2L3046,2021-02-23,3701187040,Ardagh Metal Packaging SA,Gores Holdings V Inc,No,No,No,2021-02-23,Merger,Completed,United States,Public,9326.153
2A5493,2021-03-21,3714812040,Ironsource Ltd,Thoma Bravo Advantage,No,No,No,2021-03-21,Merger,Completed,United States,Public,10000
2F2946,2021-05-11,3724324020,Ginkgo Bioworks Inc,Soaring Eagle Acquisition Corp,No,No,No,2021-04-09,Merger,Completed,United States,Public,16855.8
55303A,2021-08-04,3780532020,MGM Growth Properties LLC,VICI Properties Inc,No,No,No,2021-08-04,Merger,Completed,United States,Public,16598.657
G6829J,2021-12-23,3851185020,Ortho Clinical Diagnostics,Quidel Corp,No,No,No,2021-12-23,Merger,Completed,United States,Public,8094.559
67181A,2023-02-08,4024408020,Oak Street Health Inc,CVS Health Corp,No,No,No,2023-01-09,Merger,Completed,United States,Public,9901.581
723787,2023-10-11,4064316020,Pioneer Natural Resources Co,Exxon Mobil Corp,No,No,No,2023-04-07,Merger,Completed,United States,Public,60273.912
69327R,2023-05-22,4082202020,PDC Energy Inc,Chevron Corp,No,No,No,2023-05-22,Merger,Completed,United States,Public,6352.302
88378A,2024-02-12,4167012020,Endeavor Energy Resources LP,Diamondback Energy Inc,No,No,No,2023-12-08,Merger,Completed,United States,Public,25794.105
8P9937,2024-02-28,4200361020,Webull Corp,SK Growth Opportunities Corp,No,No,No,2024-02-28,Merger,Completed,United States,Public,7700
23496H,2024-03-26,4214469040,DS Smith Plc,International Paper Co,No,No,No,2024-02-08,Merger,Completed,United States,Public,7230.554
78239M,2024-03-28,4215500020,SRS Distribution Inc,Home Depot Inc,No,No,No,2024-03-28,Merger,Completed,United States,Public,18250
82489T,2024-04-05,4215552020,Shockwave Medical Inc,Johnson & Johnson,No,No,No,2024-03-27,Merger,Completed,United States,Public,14074.24
832110,2010-02-21,2157465020,Smith International Inc,Schlumberger Ltd,No,No,No,2010-02-19,Merger,Completed,United States,Public,11041.61
118759,2010-11-15,2239300020,Bucyrus International Inc,Caterpillar Inc,No,No,No,2010-11-15,Merger,Completed,United States,Public,7453.19
62985Q,2011-07-20,2330401020,Nalco Holding Co,Ecolab Inc,No,No,No,2011-07-20,Merger,Completed,United States,Public,8111.839
58405U,2011-07-21,2330697020,Medco Health Solutions Inc,Express Scripts Inc,No,No,No,2011-07-21,Merger,Completed,United States,Public,29370.067
222862,2012-08-20,2443150020,Coventry Health Care Inc,Aetna Inc,No,No,No,2012-08-20,Merger,Completed,United States,Public,5695.423
92769L,2013-02-05,2493405020,Virgin Media Inc,Liberty Global Inc,No,No,No,2013-02-05,Merger,Completed,United States,Public,16381.387
93187K,2015-11-02,2506234040,Visa Europe Ltd,Visa Inc,No,No,No,2013-03-19,Merger,Completed,United States,Public,21354.563
501902,2013-12-16,2593353020,LSI Corp,Avago Technologies Ltd,No,No,No,2013-12-16,Merger,Completed,United States,Public,6685.514
713291,2014-04-30,2632713020,Pepco Holdings Inc,Exelon Corp,No,No,No,2014-04-30,Merger,Completed,United States,Public,6829.45
25490A,2014-05-18,2633051020,DirecTV Inc,AT&T Inc,No,No,No,2014-05-01,Merger,Completed,United States,Public,48082.294
774415,2014-07-15,2655953020,Rockwood Holdings Inc,Albemarle Corp,No,No,No,2014-07-15,Merger,Completed,United States,Public,6327.516
772739,2015-01-26,2718249020,Rock-Tenn Co,MeadWestvaco Corp,No,No,No,2015-01-26,Merger,Completed,United States,Public,8143.265
681904,2015-05-21,2746063020,Omnicare Inc,CVS Health Corp,No,No,No,2015-04-22,Merger,Completed,United States,Public,14076.629
88732J,2015-05-26,2746685020,Time Warner Cable Inc,Charter Communications Inc,No,No,No,2015-04-24,Merger,Completed,United States,Public,55637.581
85590A,2015-11-16,2747950020,Starwood Hotels & Resorts,Marriott International Inc,No,No,No,2015-04-29,Merger,Completed,United States,Public,13568.473
0E8794,2017-07-04,2760262040,Worldpay Group PLC,Vantiv Inc,No,No,No,2017-07-04,Merger,Completed,United States,Public,9814.099
790849,2016-04-28,2795211020,St Jude Medical Inc,Abbott Labs,No,No,No,2015-08-27,Merger,Completed,United States,Public,24733.341
032420,2016-05-16,2958733020,Anacor Pharmaceuticals Inc,Pfizer Inc,No,No,No,2016-05-16,Merger,Completed,United States,Public,5540.799
64118Q,2016-07-28,2988799020,NetSuite Inc,Oracle Corp,No,No,No,2016-07-28,Merger,Completed,United States,Public,8891.197
111621,2016-11-02,3030905020,Brocade Commun Sys Inc,Broadcom Ltd,No,No,No,2016-11-02,Merger,Completed,United States,Public,5535.782
91915W,2018-01-22,3204736040,Validus Holdings Ltd,American International Group,No,No,No,2018-01-22,Merger,Completed,United States,Public,5564.702
85570W,2019-10-02,3339673040,The Stars Group Inc,Flutter Entertainment plc,No,No,No,2019-01-28,Merger,Completed,United States,Public,6092.661
04269X,2019-06-17,3416141020,Array Biopharma Inc,Pfizer Inc,No,No,No,2019-06-17,Merger,Completed,United States,Public,11371.019
60877T,2020-08-19,3623452020,Momenta Pharmaceuticals Inc,Johnson & Johnson,No,No,No,2020-08-19,Merger,Completed,United States,Public,6550.118
62857M,2020-10-05,3644610020,MyoKardia Inc,Bristol-Myers Squibb Co,No,No,No,2020-10-05,Merger,Completed,United States,Public,13774.921
6F9253,2020-12-07,3657442040,Paysafe Group PLC,Foley Trasimene Acq Corp II,No,No,No,2020-11-06,Merger,Completed,United States,Public,5614
302445,2021-01-04,3682911020,FLIR Systems Inc,Teledyne Technologies Inc,No,No,No,2021-01-04,Merger,Completed,United States,Public,7500.665
192479,2021-02-12,3697628020,Coherent Inc,II-VI Inc,No,No,No,2021-01-18,Merger,Completed,United States,Public,7290.243
4H8593,2021-04-13,3709745040,Grab Holdings Inc,Altimeter Growth Corp,No,No,No,2021-03-10,Merger,Completed,United States,Public,34260
7J0159,2021-04-01,3721496020,Double Eagle III Midco 1 LLC,Pioneer Natural Resources Co,No,No,No,2021-04-01,Merger,Completed,United States,Public,6219.904
9H3662,2021-05-17,3741165020,Warner Media LLC,Discovery Inc,No,No,No,2021-05-17,Merger,Completed,United States,Public,65320
G0625A,2021-07-01,3754418040,Atotech Ltd,MKS Instruments Inc,No,No,No,2021-06-10,Merger,Completed,United States,Public,5065.714
431475,2021-09-02,3777920020,Hill-Rom Holdings Inc,Baxter International Inc,No,No,No,2021-07-28,Merger,Completed,United States,Public,10423.465
8J7943,2021-08-02,3779205040,Afterpay Ltd,Square Inc,No,No,No,2021-08-02,Merger,Completed,United States,Public,27670.55
58428Y,2021-08-02,3779311040,Meggitt PLC,Parker Hannifin Corp,No,No,No,2021-08-02,Merger,Completed,United States,Public,8689.482
42225P,2022-02-28,3810719020,Healthcare Trust of America,Healthcare Realty Trust Inc,No,No,No,2021-10-06,Merger,Completed,United States,Public,7546.038
9C9768,2018-08-14,3821062020,BA Sports Nutrition LLC,Coca-Cola Co,No,No,No,2018-08-14,Merger,Completed,United States,Public,5600
09215C,2022-05-04,3916261020,Black Knight Inc,Intercontinental Exchange Inc,No,No,No,2022-04-05,Merger,Completed,United States,Public,11704.466
928563,2022-05-26,3923437020,VMware Inc,Broadcom Inc,No,No,No,2022-05-22,Merger,Completed,United States,Public,68066.069
Q6651B,2023-02-06,4035462040,Newcrest Mining Ltd,Newmont Corp,No,No,No,2023-02-06,Merger,Completed,United States,Public,18274.606
81181C,2023-03-13,4044786020,Seagen Inc,Pfizer Inc,No,No,No,2023-02-26,Merger,Completed,United States,Public,43836.734
74349U,2023-04-16,4066521020,Prometheus Biosciences Inc,Merck & Co Inc,No,No,No,2023-04-16,Merger,Completed,United States,Public,10925.91
44109J,2023-09-11,4125203020,Hostess Brands Inc,The JM Smucker Co,No,No,No,2023-08-25,Merger,Completed,United States,Public,5555.902
845467,2024-01-11,4147534020,Southwestern Energy Co,Chesapeake Energy Corp,No,No,No,2023-10-17,Merger,Completed,United States,Public,7386.784
42809H,2023-10-23,4147606020,Hess Corp,Chevron Corp,No,No,No,2023-10-23,Merger,Completed,United States,Public,52939.809
48576A,2023-12-22,4173632020,Karuna Therapeutics Inc,Bristol-Myers Squibb Co,No,No,No,2023-12-22,Merger,Completed,United States,Public,14404.398
03662Q,2024-01-16,4173895020,ANSYS Inc,Synopsys Inc,No,No,No,2023-12-22,Merger,Completed,United States,Public,32466.134
37899Y,2024-01-12,4182802020,Global Infrastructure Mgmt LLC,BlackRock Inc,No,No,No,2024-01-12,Merger,Completed,United States,Public,12511.32
418100,2024-04-24,4216240020,HashiCorp Inc,IBM,No,No,No,2024-03-15,Merger,Completed,United States,Public,7681.145
565849,2024-05-29,4240168020,Marathon Oil Corp,ConocoPhillips,No,No,No,2024-05-29,Merger,Completed,United States,Public,17163.027
858912,2024-06-03,4241510020,Stericycle Inc,Waste Management Inc,No,No,No,2024-06-02,Merger,Completed,United States,Public,5846.96
0P1437,2010-04-28,2160530020,E.ON US LLC,PPL Corp,No,No,No,2010-03-02,Merger,Completed,United States,Public,7625
638620,2011-02-28,2284384020,Nationwide Health Properties,Ventas Inc,No,No,No,2011-02-28,Merger,Completed,United States,Public,5793.481
620097,2011-08-15,2336895020,Motorola Mobility Holdings Inc,Google Inc,No,No,No,2011-08-15,Merger,Completed,United States,Public,12449.946
032346,2012-06-29,2400893020,Amylin Pharmaceuticals Inc,Bristol-Myers Squibb Co,No,No,No,2012-03-28,Merger,Completed,United States,Public,7183.422
544147,2014-07-11,2614332020,Lorillard Inc,Reynolds American Inc,No,No,No,2014-03-03,Merger,Completed,United States,Public,27400
67020Y,2021-04-12,2647141020,Nuance Communications Inc,Microsoft Corp,No,No,No,2014-06-16,Merger,Completed,United States,Public,16351.497
307000,2014-07-28,2648357020,Family Dollar Stores Inc,Dollar Tree Inc,No,No,No,2014-06-19,Merger,Completed,United States,Public,8548.255
45822P,2014-06-23,2648906020,Integrys Energy Group Inc,Wisconsin Energy Corp,No,No,No,2014-06-23,Merger,Completed,United States,Public,9046.963
88706M,2014-08-24,2666973040,Tim Hortons Inc,Burger King Worldwide Inc,No,No,No,2014-08-24,Merger,Completed,United States,Public,13396.6
494550,2014-08-10,2667598020,Kinder Morgan Energy Partners,Kinder Morgan Inc,No,No,No,2014-08-10,Merger,Completed,United States,Public,36689.104
49455U,2014-08-10,2667612020,Kinder Morgan Management LLC,Kinder Morgan Inc,No,No,No,2014-08-10,Merger,Completed,United States,Public,10251.332
222816,2014-11-03,2691363020,Covance Inc,Labcorp Holdings Inc,No,No,No,2014-11-03,Merger,Completed,United States,Public,6169.838
229678,2014-12-08,2703228020,Cubist Pharmaceuticals Inc,Merck & Co Inc,No,No,No,2014-12-06,Merger,Completed,United States,Public,9347.548
82682T,2015-07-20,2732375020,Sikorsky Aircraft Corp,Lockheed Martin Corp,No,No,No,2015-03-11,Merger,Completed,United States,Public,9000
10926P,2015-03-31,2732470020,Bright House Networks LLC,Charter Communications Inc,No,No,No,2015-03-12,Merger,Completed,United States,Public,10790.277
756207,2015-07-14,2762357020,Receptos Inc,Celgene Corp,No,No,No,2015-06-10,Merger,Completed,United States,Public,7730.727
80004C,2015-10-21,2811286020,SanDisk Corp,Western Digital Corp,No,No,No,2015-10-13,Merger,Completed,United States,Public,16124.13
01449J,2016-02-01,2915628020,Alere Inc,Abbott Labs,No,No,No,2016-02-01,Merger,Completed,United States,Public,5092.445
391164,2016-05-31,2932929020,Great Plains Energy Inc,Westar Energy Inc,No,No,No,2016-03-10,Merger,Completed,United States,Public,6852.723
067383,2017-04-23,3095587020,CR Bard Inc,Becton Dickinson & Co,No,No,No,2017-04-23,Merger,Completed,United States,Public,23553.475
535678,2016-07-26,2988067020,Linear Technology Corp,Analog Devices Inc,No,No,No,2016-07-26,Merger,Completed,United States,Public,14375.58
87336U,2019-06-10,3033521020,Tableau Software Inc,Salesforce.com Inc,No,No,No,2016-10-19,Merger,Completed,United States,Public,17013.513
68268N,2017-02-01,3065880020,ONEOK Partners LP,ONEOK Inc,No,No,No,2017-02-01,Merger,Completed,United States,Public,9309.236
72348P,2018-06-27,3111445020,Pinnacle Foods Inc,Conagra Brands Inc,No,No,No,2017-05-31,Merger,Completed,United States,Public,8150.165
774341,2017-09-04,3135305020,Rockwell Collins Inc,United Technologies Corp,No,No,No,2017-08-04,Merger,Completed,United States,Public,32048.945
4E1776,2017-10-30,3169961020,CalAtlantic Group Inc,Lennar Corp,No,No,No,2017-10-30,Merger,Completed,United States,Public,5790.219
80589M,2018-01-03,3198733020,SCANA Corp,Dominion Energy Inc,No,No,No,2018-01-03,Merger,Completed,United States,Public,14375.667
30219G,2018-03-08,3221029020,Express Scripts Holding Co,Cigna Corp,No,No,No,2018-03-07,Merger,Completed,United States,Public,69770.18
92553P,2019-08-13,3232310020,Viacom Inc,CBS Corp,No,No,No,2018-04-03,Merger,Completed,United States,Public,11695.389
85207U,2018-04-29,3239609020,Sprint Corp,T-Mobile US Inc,No,No,No,2018-04-10,Merger,Completed,United States,Public,26760.632
233153,2018-04-29,3239737020,DCT Industrial Trust Inc,Prologis Inc,No,No,No,2018-04-29,Merger,Completed,United States,Public,6392.53
03349M,2018-04-30,3239761020,Andeavor Corp,Marathon Petroleum Corp,No,No,No,2018-04-30,Merger,Completed,United States,Public,23037.27
502413,2018-10-14,3298725020,L3 Technologies Inc,Harris Corp,No,No,No,2018-10-14,Merger,Completed,United States,Public,16244.872
585502,2019-03-11,3307066040,Mellanox Technologies Ltd,NVIDIA Corp,No,No,No,2018-11-07,Merger,Completed,United States,Public,6851.212
151020,2019-01-03,3330372020,Celgene Corp,Bristol-Myers Squibb Co,No,No,No,2019-01-03,Merger,Completed,United States,Public,79376.825
548862,2019-01-07,3331067020,Loxo Oncology Inc,Eli Lilly & Co,No,No,No,2019-01-07,Merger,Completed,United States,Public,7985.33
981558,2019-03-18,3365088020,Worldpay Inc,Fidelity Natl Info Svcs Inc,No,No,No,2019-03-18,Merger,Completed,United States,Public,35031.868
127686,2019-06-24,3365110020,Caesars Entertainment Corp,Eldorado Resorts Inc,No,No,No,2019-03-17,Merger,Completed,United States,Public,15466.232
032511,2019-04-24,3381053020,Anadarko Petroleum Corp,Occidental Petroleum Corp,No,No,No,2019-04-12,Merger,Completed,United States,Public,38378.609
755111,2019-06-09,3409687020,Raytheon Co,United Technologies Corp,No,No,No,2019-06-09,Merger,Completed,United States,Public,86831.159
524901,2020-02-18,3515414020,Legg Mason Inc,Franklin Resources Inc,No,No,No,2020-02-18,Merger,Completed,United States,Public,6592.485
2H8656,2020-06-30,3596368020,GCI Liberty Inc,Liberty Broadband Corp,No,No,No,2020-06-30,Merger,Completed,United States,Public,7667.65
4H8568,2020-09-15,3633176020,Opendoor Labs Inc,Soc Cap Hedosophia Hldg II,No,No,No,2020-09-11,Merger,Completed,United States,Public,5000
452907,2020-09-13,3633916020,Immunomedics Inc,Gilead Sciences Inc,No,No,No,2020-09-13,Merger,Completed,United States,Public,20774.505
93572T,2020-09-14,3634146020,TracFone Wireless Inc,Verizon Communications Inc,No,No,No,2020-09-14,Merger,Completed,United States,Public,7218.697
278265,2020-10-08,3645819020,Eaton Vance Corp,Morgan Stanley,No,No,No,2020-10-08,Merger,Completed,United States,Public,6859.291
983919,2020-10-27,3646001020,Xilinx Inc,Advanced Micro Devices Inc,No,No,No,2020-10-08,Merger,Completed,United States,Public,35728.81
40416M,2020-11-16,3660473020,HD Supply Holdings Inc,Home Depot Inc,No,No,No,2020-11-16,Merger,Completed,United States,Public,8713.485
5J6238,2020-12-13,3672639020,TCF Financial Corp,Huntington Bancshares Inc,No,No,No,2020-12-13,Merger,Completed,United States,Public,5920.502
878237,2021-03-22,3715171020,Tech Data Corp,SYNNEX Corp,No,No,No,2021-03-22,Merger,Completed,United States,Public,8850.8
85917A,2021-04-19,3729815020,Sterling Bancorp,Webster Financial Corp,No,No,No,2021-04-19,Merger,Completed,United States,Public,5138.775
4H1435,2021-07-14,3771922040,Avast PLC,NortonLifeLock Inc,No,No,No,2021-07-14,Merger,Completed,United States,Public,8614.137
2C9789,2021-09-21,3802357020,MUFG Union Bank NA,US Bancorp,No,No,No,2021-09-17,Merger,Completed,United States,Public,7970.753
G4807U,2021-11-08,3824569040,Inmarsat PLC,Viasat Inc,No,No,No,2021-11-08,Merger,Completed,United States,Public,7356.363
7E2742,2021-11-09,3828164040,Wolt Enterprises Oy,DoorDash Inc,No,No,No,2021-11-09,Merger,Completed,United States,Public,8110.2
040047,2021-12-13,3845384020,Arena Pharmaceuticals Inc,Pfizer Inc,No,No,No,2021-12-13,Merger,Completed,United States,Public,6679.643
5K9752,2021-12-14,3845965020,3M Co-Food Safety Business,Neogen Corp,No,No,No,2021-12-14,Merger,Completed,United States,Public,5340.419
G11196,2022-05-10,3917838020,Biohaven Pharm Hldg Co Ltd,Pfizer Inc,No,No,No,2022-05-10,Merger,Completed,United States,Public,12599.051
264411,2022-05-10,3917881020,Duke Realty Corp,Prologis Inc,No,No,No,2022-05-10,Merger,Completed,United States,Public,21743.016
37890U,2022-08-08,3958422020,Global Blood Therapeutics Inc,Pfizer Inc,No,No,No,2022-08-05,Merger,Completed,United States,Public,5069.51
82671G,2022-09-05,3958914020,Signify Health Inc,CVS Health Corp,No,No,No,2022-08-07,Merger,Completed,United States,Public,7617.777
636518,2023-01-17,4027634020,National Instruments Corp,Emerson Electric Co,No,No,No,2023-01-17,Merger,Completed,United States,Public,8022.786
5P8724,2023-09-26,4138895020,Liberty Sirius XM Holdings Inc,Sirius XM Holdings Inc,No,No,No,2023-09-26,Merger,Completed,United States,Public,11000.471
15678U,2023-12-06,4165904020,Cerevel Therapeutics Holdings,AbbVie Inc,No,No,No,2023-12-06,Merger,Completed,United States,Public,8700.008
